time_days,rv_ms,sigma_ms,instrument
38.44786993880936,-8.498774098036073,2.912238797885363,instA
42.94786993880936,-32.62701815352629,2.912238797885363,instA
45.19786993880936,-27.002139213256577,2.912238797885363,instA
47.69786993880936,12.388348116023824,2.912238797885363,instA
52.19786993880936,47.36954958263302,2.912238797885363,instA
54.44786993880936,-2.3141499646214796,2.912238797885363,instA
56.94786993880936,-60.16554685185366,2.912238797885363,instA
61.44786993880936,8.618043725425014,2.912238797885363,instA
63.94786993880936,43.15857060586414,2.912238797885363,instA
66.19786993880936,33.524293877113294,2.912238797885363,instA
