step,seconds,kind,status,text
1,0,evidence,,"One periodic signal is real: about 15.15 days. Nothing else in the raw data clears the 1% false-alarm threshold, but the 15.15-day signal leaves a lot of unexplained scatter, so a residual search is needed. - 15.15 days: power 0.76, false-alarm probability 8e-18 (threshold 1%). High confidence. About 2.5 cycles fit in the 37.25-day baseline, so the period is constrained but not tightly. The tool lists no sampling aliases or harmonic links, and the window function has no strong peaks. - Next peaks are not significant (threshold 1%): 1.74 days (false-alarm probability 15%), 2.32 days (53%), 6.00 days (74%), 3.12 days (80%), 1.47 days (80%). 6.00 and 3.12 days are flagged as harmonics of each other, so they count as one feature at most. - Leftover scatter: the 15.15-day peak explains about 76% of the variance. With RVs spanning about ±65 m/s, the rest is roughly 20 m/s RMS (rough estimate), far above the 2.9 m/s median error. So there is either an eccentric orbit (watch for 7.6 days, which is half of 15.15) or a second planet, possibly near 1.74 days. - No residual periodogram yet: there is no fit ID to take residuals from. Investigators: fit 15.15 days (let eccentricity vary), then run the periodogram on the residuals. A residual peak below 1% false-alarm probability would mean a second planet. - Minimum planet count: 1. Follow-up: 30 points left, and denser sampling would help separate short periods (1.5 to 3 days) from aliases."
2,16,hypothesis,,H1: periods [15.15]
3,17,hypothesis,,"H2: periods [15.15, 1.74]"
4,23,plan,,"We will fit both a one-planet (15.15 d) and a two-planet (15.15 d + residual search) model in parallel, because the leftover scatter is too large for one circular planet. - Test H1 (15.15 d, eccentricity free): learns whether eccentricity alone brings scatter to the limit (1.5 x 2.91 = 4.37 m/s). Cost: one investigator, ~2 min, no submissions. - Test H2 (15.15 d + 1.74 d): learns whether a second planet is needed, investigator should also check residual periodogram for a better second period. Cost: one investigator, ~2 min, no submissions. - Not chosen now: 7.6 d half-period harmonic as separate planet (covered by H1's free eccentricity); follow-up observations (only if the decision tool asks). - Chosen: H1 and H2 in parallel, then critic and decision tool; models compared by BIC (lower is better; 10 or more is decisive)."
5,36,fit,,"F1: 1 planet(s), periods [15.27], n_obs 63"
6,47,fit,,"F2: 2 planet(s), periods [15.28, 1.72], n_obs 63"
7,55,hypothesis,,"H3: periods [15.27, 10.4]"
8,55,hypothesis,,"H4: periods [15.27, 10.4, 6.39]"
9,56,hypothesis,,"H5: periods [15.15, 10.4]"
10,62,fit,,"F3: 2 planet(s), periods [16.66, 11.17], n_obs 63"
11,67,fit,,"F4: 2 planet(s), periods [16.87, 11.34], n_obs 63"
12,75,fit,,"F5: 2 planet(s), periods [16.8, 11.28], n_obs 63"
13,90,fit,,"F6: 3 planet(s), periods [16.73, 11.21, 6.84], n_obs 63"
14,93,fit,,"F7: 2 planet(s), periods [16.87, 11.34], n_obs 63"
15,125,verdict,,"approve F4: Approve: two planets at 16.87 d and 11.34 d explain the data down to the noise level, and adding or removing a planet makes the fit worse. - Planet count: F4 has a BIC of 389.4 (lower is better; 10 or more is decisive). The one-planet fit F1 scores 1690.8 and the three-planet fit F6 scores 398.0. F6's third planet is weak (K_over_sigma_sqrtN 5.6, threshold about 5) and its eccentricity is stuck at the 0.8 limit, so it is noise. - Nothing is left in the residuals: the strongest residual peak is at 2.82 d with a false-alarm probability of 5.9%, against a 1% threshold. The scatter is 3.55 m/s against a 4.37 m/s limit. No eccentricity or period sits on a bound. - Period drift is within resolution: on a 37.3 d baseline, frequencies are resolved to about 0.027 per day. The shifts from 15.15 to 16.87 d (0.0067 per day) and from 10.40 to 11.34 d (0.008 per day) are well inside that. The independent hypothesis H3 converged to the same solution (F7, same BIC). - Stability caveat: the period ratio is 1.487, near the 3:2 resonance. Assuming a Sun-like star, the minimum masses are about 0.53 and 0.25 Jupiter masses. The orbits are 3.6 mutual Hill radii apart, just above the 3.46 limit for circular orbits. With e of about 0.1 the orbits nearly cross, so the system is probably only stable if it is locked in the 3:2 resonance. Known systems like this exist, so this is a warning sign, not grounds to reject. No N-body stability test is available here."
16,140,decision,conclude,"[conclude] The data decide the question: F4 (2 planet(s)) fits, leaves no signal, beats every simpler model decisively, and no larger model is needed. Submit it."
17,144,submission,,"F4 success=False {'ok_rms': True, 'ok_delta_bic': True, 'ok_count': True, 'ok_match': False}"
18,158,decision,,"Submission of the two-planet fit F4 (16.87 d and 11.34 d) failed only on orbit match, so the planet count of two is right but at least one period is likely an alias or harmonic. - Passed: scatter 3.55 m/s (limit 4.37 m/s), BIC preferred over no planets, planet count. - Failed: orbital parameters not close to the true ones. - Next: test daily-alias and harmonic alternatives of each period (e.g. ~1.06 d / ~1.10 d one-day aliases, doubled periods ~33.7 d / ~22.7 d), all as two-planet models, and compare BIC (10 or more is decisive)."
19,159,hypothesis,,"H6: periods [16.87, 1.097]"
20,160,hypothesis,,"H7: periods [1.063, 11.34]"
21,161,hypothesis,,"H8: periods [16.87, 22.68]"
22,161,hypothesis,,"H9: periods [33.73, 11.34]"
23,168,plan,,"We will fit four alias and harmonic alternatives of the two-planet system in parallel, because the rejected fit F4 had the right count but wrong orbits. - H6 (16.87 d + 1.097 d, the one-day alias of 11.34 d): tests whether the inner planet's period is an alias. Cost: one investigator, about 2 min. - H7 (1.063 d + 11.34 d, the one-day alias of 16.87 d): tests whether the outer planet's period is an alias. Same cost. - H8 (16.87 d + 22.68 d) and H9 (33.73 d + 11.34 d): test whether one signal is the half-period harmonic of a longer orbit. Same cost each. - Chosen: all four, because none spends a submission. We then compare them with F4 by BIC (lower is better; 10 or more is decisive) and run the critic before the decision tool."
24,189,fit,,"F8: 2 planet(s), periods [16.03, 1.08], n_obs 63"
25,197,fit,,"F9: 2 planet(s), periods [1.07, 11.91], n_obs 63"
26,203,fit,,"F10: 2 planet(s), periods [15.18, 20.41], n_obs 63"
27,207,fit,,"F11: 2 planet(s), periods [15.43, 1.08], n_obs 63"
28,214,fit,,"F12: 2 planet(s), periods [37.1, 12.47], n_obs 63"
29,217,fit,,"F13: 2 planet(s), periods [11.81, 17.29], n_obs 63"
30,222,fit,,"F14: 2 planet(s), periods [1.07, 12.47], n_obs 63"
31,230,fit,,"F15: 2 planet(s), periods [23.61, 14.49], n_obs 63"
32,252,fit,,"F16: 2 planet(s), periods [16.72, 11.27], n_obs 73"
33,254,fit,,"F17: 2 planet(s), periods [11.27, 16.72], n_obs 73"
34,268,fit,,"F18: 3 planet(s), periods [16.71, 11.28, 5.61], n_obs 73"
35,271,fit,,"F19: 2 planet(s), periods [16.07, 1.08], n_obs 73"
36,274,fit,,"F20: 2 planet(s), periods [1.08, 15.59], n_obs 73"
37,277,fit,,"F21: 2 planet(s), periods [17.71, 11.49], n_obs 73"
38,277,decision,observe,"[observe] The current data cannot settle the question: A submission of this configuration already failed, so the current data favour a wrong model; a signal they cannot yet show (for example a longer orbit) is likely. Observed 10 new points between day 38.4 and day 66.2, spread evenly to extend the time span and the phase coverage of the orbits. Every fit was refitted on the 73 points; have the critic review the new leader, then decide again."
39,309,evidence,,"With 73 points, the data support two real signals, near 16 d and near 12 d, and nothing else. A two-planet fit (F16) leaves no significant residual peak, and no long-period signal. Thresholds below: a peak counts if its false-alarm probability is under 1%. - Raw data: 16.04 d (false-alarm probability 5e-18) and 12.28 d (3e-5) are both real. No sampling aliases were found: the window function has no peaks. The 5.98 d peak (0.36) is roughly half of 12.28 d. It is a weak harmonic, not a planet, and may hint at some eccentricity. - Peak position: the 65.5-day baseline only resolves periods to about ±2 d at 16 d and about ±1.2 d at 12 d. Two overlapping signals also pull each other's raw peaks. So 16.9 d and 15.15 d both fit the 16 d peak, and 11.3 d fits the 12 d peak. 10.40 d is about 1.9 d from the peak, which is marginal but not excluded. 17.3 d and 11.8 d (F13/F17) are also allowed. The periodogram cannot choose among these. Only the joint fit's likelihood or BIC can. - F16 residuals (recomputed on all 73 points): the strongest peak is 2.56 d at a false-alarm probability of 0.048. That is above the 1% threshold, so it is not credible. All other peaks (2.81, 1.43, 1.38, 1.13, 2.24 d) are 0.31 or higher. Nothing is longer than the baseline. The only long peak in the raw data, 41.4 d at 0.79, is noise. - What the new data change: the two signals are now much stronger. The residuals give no case for a third planet, so the 3-planet F18 is not supported unless its BIC clearly wins. A third planet would be suggested if the 2.56 d residual peak dropped below 1% after another campaign."
40,318,verdict,,"reject F16: Reject: F16 is the same two-planet configuration (16.7 d + 11.3 d) whose submission as F4 already failed on orbit match, and the 10 new points did not move it to a different solution. - Same configuration: periods moved from 16.87 to 16.72 d and from 11.34 to 11.27 d. That is a frequency shift of about 0.0005 per day, far below the 0.015 per day resolution of the 65.5 d baseline. Amplitudes (42.1 and 22.5 m/s) and eccentricities (0.10 and 0.07) are also nearly unchanged. Submission feedback says not to resubmit this configuration. - F17 is not an alternative. It converged to exactly the same orbits with the planets listed in the other order (same BIC of 443.02). The data cannot prefer one over the other because they are the same model. The 11.8 + 17.3 d starting point did not survive the new data. - F16's own fit is fine: scatter is 3.50 m/s against a 4.37 m/s limit, and the strongest residual peak (2.56 d) has a false-alarm probability of 4.8% against a 1% threshold. The fit statistics do not show the error; only the submission feedback does. - Lead to follow: the three-planet refit F18 has a lower BIC (438.4 against 443.0; lower is better, 10 or more is decisive, so a gap of 4.7 is suggestive but not decisive). Its 5.61 d signal is strong (K_over_sigma_sqrtN 12.2, threshold about 5) and sits near half of 11.27 d (5.63 d). The 11.3 d orbit's shape or eccentricity may be wrong, or 5.6 d may be a real planet's period. Test a two-planet 16.7 d + 5.6 d fit, and an 11.3 d fit with a wider eccentricity range."
41,333,hypothesis,,"H10: periods [16.72, 5.63]"
42,333,hypothesis,,"H11: periods [8.36, 11.27]"
43,339,plan,,"We will test whether one of the two signals is a doubled-period harmonic of a shorter orbit, because the critic rejected the refitted 16.7 d + 11.3 d system (F16) and the three-planet refit found a 5.61 d component. - H10 (16.72 d + 5.63 d): the 11.3 d signal would be twice a real 5.63 d orbit. The three-planet fit's 5.61 d term (strength 12.2 times the noise, threshold about 5) supports this. Cost: one investigator, about 2 min. - H11 (8.36 d + 11.27 d): the same test applied to the 16.7 d signal. Cost: one investigator, about 2 min. - Chosen: both, run in parallel. We compare them with F16 (BIC 443.0) and F18 (BIC 438.4); lower is better, and 10 or more is decisive."
44,357,fit,,"F22: 2 planet(s), periods [16.31, 5.84], n_obs 73"
45,362,fit,,"F23: 2 planet(s), periods [8.99, 12.09], n_obs 73"
46,384,decision,refine,[refine] F16 needs more analysis before more data would help: The critic rejected this fit; address its reasons before deciding.
47,395,hypothesis,,"H12: periods [16.72, 35.0]"
48,396,hypothesis,,"H13: periods [11.27, 35.0]"
49,402,decision,,"The decision tool returned ""refine"" because the critic rejected the 16.7 d + 11.3 d fit (F16), and every harmonic and one-day alias alternative so far has been decisively worse. - Doubled-period tests H10 (16.7 d + 5.6 d, BIC 1885.9) and H11 (8.4 d + 11.3 d, BIC 4502.1) failed against F16's BIC of 443.0. Lower BIC is better, and a gap of 10 or more is decisive. - Next we test a beat-frequency alias. 1/11.27 − 1/16.72 ≈ 1/34.6 per day, so either signal could be an alias of a ~35 d orbit. These are H12 (16.7 d + 35 d) and H13 (11.3 d + 35 d). - The critic will also refit the 11.3 d planet with a wider eccentricity range, as it suggested earlier."
50,419,fit,,"F24: 2 planet(s), periods [16.33, 35.36], n_obs 73"
51,424,fit,,"F25: 2 planet(s), periods [11.99, 35.69], n_obs 73"
52,478,verdict,,"reject F16: Reject (re-review): F16 is a physically plausible fit, but it is still the same configuration whose submission already failed on orbit match. The new tests rule out other periods but do not show that F16's orbits are correct. - On its own merits F16 is plausible. Scatter is 3.50 m/s against a 4.37 m/s limit. The strongest residual peak (2.56 d) has a false-alarm probability of 4.8% against a 1% threshold. No parameter sits on a bound. The period ratio of 1.48 is near 3:2 and needs resonance to be stable, which is a caveat but not a defect. - The new evidence does not answer the submission feedback. F4 also beat every alternative by BIC (lower is better; 10 or more is decisive) when it failed. The feedback said the count was right and the orbits were wrong, which can mean an eccentricity or amplitude error rather than a wrong period. F16 differs from F4 by under 1% in period, 1 to 3% in amplitude, and e of 0.10 vs 0.11 and 0.075 vs 0.093. Resubmitting it would very likely fail again and use up one of the 4 remaining submissions. - The 11.3 d planet's orbit shape is poorly determined. In the three-planet fit F18, its periastron angle swings from 5.82 to 1.88 rad and its eccentricity rises from 0.075 to 0.15. F18 also absorbs a 5.61 d term, almost exactly half of 11.27 d, with e of 0.55. Both point to the 11.3 d orbit being more eccentric than F16 allows. - Untested: the two-planet refit with a wide eccentricity range for the 11.3 d planet, requested in the previous verdict, is not in the record. Run that fit (start e near 0.3, bound up to 0.8, free periastron angle) and compare its BIC with 443.0. If it does not move, spend some of the 20 remaining follow-up points at the phases where the eccentric and circular 11.3 d models differ most."
